Submission id,Participant id,Status,Custom study tncs accepted at,Started at,Completed at,Reviewed at,Archived at,Time taken,Completion code,Total approvals,Age,Sex,Ethnicity simplified,Country of birth,Country of residence,Nationality,Language,Student status,Employment status
65b22ebef8f74ab60cb336b9,56f84c071b99b8000c365751,APPROVED,Not Applicable,2024-01-25T09:50:03.832000Z,2024-01-25T09:56:24.686000Z,2024-01-25T09:56:25.203000Z,2024-01-25T09:56:25.137659Z,381,CFSKYJWQ,343,55,Male,White,United Kingdom,United Kingdom,United Kingdom,English,No,Full-Time
65b22f45f911047e687ed135,571b68225d40840012c3fdee,APPROVED,Not Applicable,2024-01-25T09:54:55.492000Z,2024-01-25T09:58:49.464000Z,2024-01-25T09:58:50.138000Z,2024-01-25T09:58:50.082864Z,234,CFSKYJWQ,403,35,Male,White,United Kingdom,United Kingdom,United Kingdom,English,DATA_EXPIRED,DATA_EXPIRED
65b22f9e86245bce167dcdb5,574c17587fd0ec0006b655cc,APPROVED,Not Applicable,2024-01-25T09:53:38.583000Z,2024-01-25T09:58:23.994000Z,2024-01-25T09:58:24.612000Z,2024-01-25T09:58:24.528652Z,286,CFSKYJWQ,1188,37,Male,White,United Kingdom,United Kingdom,United Kingdom,English,No,Full-Time
65b22fdaca5b2c1317defdcb,5b4b679dff74970001256d36,APPROVED,Not Applicable,2024-01-25T09:54:37.564000Z,2024-01-25T10:02:23.798000Z,2024-01-25T10:02:24.320000Z,2024-01-25T10:02:24.241993Z,467,CFSKYJWQ,1172,37,Male,White,United Kingdom,United Kingdom,United Kingdom,English,No,Full-Time
65b22fda00902b76cc809ab8,610d5425d8e7826fe6a42d68,APPROVED,Not Applicable,2024-01-25T09:54:37.115000Z,2024-01-25T09:58:26.654000Z,2024-01-25T09:58:27.161000Z,2024-01-25T09:58:27.080025Z,230,CFSKYJWQ,674,37,Male,White,United Kingdom,United Kingdom,United Kingdom,English,Yes,Full-Time
65b22fdbf2aa850ee59191ef,62d5cc956051642fc69be235,APPROVED,Not Applicable,2024-01-25T09:54:37.744000Z,2024-01-25T09:57:43.632000Z,2024-01-25T09:57:44.298000Z,2024-01-25T09:57:44.238402Z,186,CFSKYJWQ,461,30,Male,White,United Kingdom,United Kingdom,United Kingdom,English,No,Full-Time
65b22ff0f2aa850ee59191f5,5e81b038c8977f000964e5b2,APPROVED,Not Applicable,2024-01-25T09:54:59.789000Z,2024-01-25T09:59:30.383000Z,2024-01-25T09:59:30.990000Z,2024-01-25T09:59:30.896484Z,271,CFSKYJWQ,1589,38,Male,White,United Kingdom,United Kingdom,United Kingdom,English,No,Full-Time
65b22ff108c1458735acaf3c,6158b7b4053f84c5d4d057f5,APPROVED,Not Applicable,2024-01-25T10:01:54.488000Z,2024-01-25T10:06:35.946000Z,2024-01-25T10:06:36.581000Z,2024-01-25T10:06:36.506196Z,282,CFSKYJWQ,518,30,Male,White,United Kingdom,United Kingdom,United Kingdom,English,DATA_EXPIRED,DATA_EXPIRED
65b22ff60df453b6a5809be8,62b43af72668e3aa1fd3f5ac,APPROVED,Not Applicable,2024-01-25T09:55:07.157000Z,2024-01-25T09:59:48.718000Z,2024-01-25T09:59:49.586000Z,2024-01-25T09:59:49.517093Z,282,CFSKYJWQ,580,41,Male,White,Ireland,United Kingdom,Ireland,English,No,Full-Time
65b22ffc91b035bdf7868004,5e299d8c2e9dc4000be0fde0,APPROVED,Not Applicable,2024-01-25T09:55:15.938000Z,2024-01-25T10:00:35.443000Z,2024-01-25T10:00:35.947000Z,2024-01-25T10:00:35.891418Z,320,CFSKYJWQ,494,32,Male,White,United Kingdom,United Kingdom,United Kingdom,English,No,Full-Time
65b2302ed24728921872d728,5657688f995911000a482d40,APPROVED,Not Applicable,2024-01-25T09:56:04.772000Z,2024-01-25T09:59:38.623000Z,2024-01-25T09:59:39.219000Z,2024-01-25T09:59:39.162675Z,214,CFSKYJWQ,1021,45,Male,White,United Kingdom,United Kingdom,United Kingdom,English,No,Full-Time
65b2305608c1458735acaf55,5aed5c7cb59b0d00012eaccd,APPROVED,Not Applicable,2024-01-25T09:58:12.217000Z,2024-01-25T10:02:55.966000Z,2024-01-25T10:02:56.570000Z,2024-01-25T10:02:56.501481Z,284,CFSKYJWQ,517,38,Male,White,United Kingdom,United Kingdom,United Kingdom,English,DATA_EXPIRED,DATA_EXPIRED
65b23073f2aa850ee5919217,6266d1937cec5e7a57883e76,APPROVED,Not Applicable,2024-01-25T09:57:25.787000Z,2024-01-25T10:16:23.586000Z,2024-01-25T10:16:24.104000Z,2024-01-25T10:16:24.007070Z,1138,CFSKYJWQ,308,51,Male,Other,United Kingdom,United Kingdom,Morocco,English,No,Unemployed (and job seeking)
65b23076400a95931ba869a7,5797bc9aad1a6c000146818c,APPROVED,Not Applicable,2024-01-25T09:57:16.672000Z,2024-01-25T10:03:11.860000Z,2024-01-25T10:03:12.760000Z,2024-01-25T10:03:12.686595Z,356,CFSKYJWQ,787,63,Male,White,United Kingdom,United Kingdom,United Kingdom,English,DATA_EXPIRED,DATA_EXPIRED
65b23079bd435df4f455a1a7,5f70576bb22a006197aea6de,APPROVED,Not Applicable,2024-01-25T09:57:18.855000Z,2024-01-25T10:01:41.926000Z,2024-01-25T10:01:42.465000Z,2024-01-25T10:01:42.397398Z,264,CFSKYJWQ,343,41,Male,White,United Kingdom,United Kingdom,United Kingdom,English,DATA_EXPIRED,DATA_EXPIRED
65b2308c0df453b6a5809c0d,5cee2eb649c43d00011fa491,APPROVED,Not Applicable,2024-01-25T09:57:36.869000Z,2024-01-25T10:02:52.814000Z,2024-01-25T10:02:53.808000Z,2024-01-25T10:02:53.696167Z,316,CFSKYJWQ,931,61,Male,White,United Kingdom,United Kingdom,United Kingdom,English,No,Part-Time
65b23095c56ab030f0d7fa11,6347339116895d093818bba0,APPROVED,Not Applicable,2024-01-25T09:57:52.124000Z,2024-01-25T10:04:26.407000Z,2024-01-25T10:04:27.101000Z,2024-01-25T10:04:27.003274Z,395,CFSKYJWQ,681,36,Male,Other,DATA_EXPIRED,United Kingdom,United Kingdom,Kurdish,DATA_EXPIRED,DATA_EXPIRED
65b23096ba496bd6fa5a7348,63682e96b4e429f80579cf74,APPROVED,Not Applicable,2024-01-25T09:57:45.438000Z,2024-01-25T10:03:28.309000Z,2024-01-25T10:03:28.916000Z,2024-01-25T10:03:28.845982Z,343,CFSKYJWQ,730,45,Male,White,United Kingdom,United Kingdom,United Kingdom,Spanish,No,Full-Time
65b2309f320bf1f5c1855407,5ec6d054e1f1a71078cfbcda,APPROVED,Not Applicable,2024-01-25T09:57:51.842000Z,2024-01-25T10:01:38.155000Z,2024-01-25T10:01:38.913000Z,2024-01-25T10:01:38.842980Z,227,CFSKYJWQ,1914,40,Male,White,United Kingdom,United Kingdom,United Kingdom,English,No,"Not in paid work (e.g. homemaker', 'retired or disabled)"
65b230a50df453b6a5809c13,5f859da7c823900253085c48,APPROVED,Not Applicable,2024-01-25T09:58:22.520000Z,2024-01-25T10:04:20.440000Z,2024-01-25T10:04:21.019000Z,2024-01-25T10:04:20.953525Z,358,CFSKYJWQ,793,70,Male,White,United Kingdom,United Kingdom,United Kingdom,English,DATA_EXPIRED,DATA_EXPIRED
65b230b083ca74b5a5602f2f,62b1eaacbc6e41266c8c35f1,APPROVED,Not Applicable,2024-01-25T09:58:14.659000Z,2024-01-25T10:01:03.739000Z,2024-01-25T10:01:04.373000Z,2024-01-25T10:01:04.298941Z,170,CFSKYJWQ,534,30,Male,White,United Kingdom,United Kingdom,United Kingdom,English,DATA_EXPIRED,DATA_EXPIRED
65b230c92f1fb6a9c1defde6,6131f6711c0d96f6f1fb04af,APPROVED,Not Applicable,2024-01-25T09:58:33.530000Z,2024-01-25T10:06:22.357000Z,2024-01-25T10:06:23.035000Z,2024-01-25T10:06:22.963397Z,469,CFSKYJWQ,946,34,Male,White,Romania,United Kingdom,DATA_EXPIRED,Romanian,DATA_EXPIRED,DATA_EXPIRED
65b230d1314a20b5fafb7927,65afc6fd20082f7b9d86a312,APPROVED,Not Applicable,2024-01-25T09:58:48.101000Z,2024-01-25T10:15:12.332000Z,2024-01-25T10:15:13.226000Z,2024-01-25T10:15:13.137673Z,985,CFSKYJWQ,4,31,Male,Black,Nigeria,United Kingdom,Nigeria,English,DATA_EXPIRED,DATA_EXPIRED
65b230d69d6b2e64a282227c,6531b06c87bae3a35e043221,APPROVED,Not Applicable,2024-01-25T09:59:29.342000Z,2024-01-25T10:11:37.552000Z,2024-01-25T10:11:39.146000Z,2024-01-25T10:11:38.085447Z,729,CFSKYJWQ,122,23,Male,White,Saudi Arabia,United Kingdom,Nigeria,English,Yes,Full-Time
65b230e4a56ff2cedb90d78d,5c84272563805a000149eeac,APPROVED,Not Applicable,2024-01-25T09:59:06.054000Z,2024-01-25T10:06:10.483000Z,2024-01-25T10:06:11.046000Z,2024-01-25T10:06:10.975916Z,425,CFSKYJWQ,772,60,Male,White,United Kingdom,United Kingdom,United Kingdom,English,No,"Not in paid work (e.g. homemaker', 'retired or disabled)"
65b2310fe78f2b0d2bef3519,5e95d0925f33bb028f4cd6e5,APPROVED,Not Applicable,2024-01-25T10:00:04.413000Z,2024-01-25T10:03:10.376000Z,2024-01-25T10:03:10.959000Z,2024-01-25T10:03:10.909672Z,186,CFSKYJWQ,1603,32,Male,White,United Kingdom,United Kingdom,United Kingdom,English,No,DATA_EXPIRED
65b2311c8d4b988a019b2f00,5ed68381c1fe3d0c38d561de,APPROVED,Not Applicable,2024-01-25T10:00:01.521000Z,2024-01-25T10:03:39.148000Z,2024-01-25T10:03:39.776000Z,2024-01-25T10:03:39.689592Z,218,CFSKYJWQ,204,31,Male,White,United Kingdom,United Kingdom,United Kingdom,English,No,Full-Time
65b23121734d3d841abf75d4,5ee55d2d0eccfc2a733ad0db,APPROVED,Not Applicable,2024-01-25T10:00:01.309000Z,2024-01-25T10:03:48.733000Z,2024-01-25T10:03:49.604000Z,2024-01-25T10:03:49.521705Z,228,CFSKYJWQ,1690,39,Male,White,United Kingdom,United Kingdom,United Kingdom,English,No,Full-Time
65b231da963233bda6b27dc9,6579cdfd233d5413b0631cfd,APPROVED,Not Applicable,2024-01-25T10:03:19.049000Z,2024-01-25T10:10:09.956000Z,2024-01-25T10:10:10.765000Z,2024-01-25T10:10:10.702416Z,411,CFSKYJWQ,70,27,Male,Other,United Kingdom,United Kingdom,United Kingdom,English,No,Part-Time
65b231db67877e81127ed09e,5a9c1988f6dfdd0001ea9933,APPROVED,Not Applicable,2024-01-25T10:03:10.435000Z,2024-01-25T10:09:48.694000Z,2024-01-25T10:09:49.269000Z,2024-01-25T10:09:49.193911Z,399,CFSKYJWQ,1154,46,Male,White,United Kingdom,United Kingdom,United Kingdom,English,No,Full-Time
65b231ecf32b009b758165fa,64087b8444f656e9e2b74446,APPROVED,Not Applicable,2024-01-25T10:03:38.858000Z,2024-01-25T10:13:37.272000Z,2024-01-25T10:13:37.874000Z,2024-01-25T10:13:37.814732Z,599,CFSKYJWQ,339,54,Male,Black,Nigeria,United Kingdom,Nigeria,English,No,Other
65b231f06ec148158e8553c3,5e17945970672a000c896b74,APPROVED,Not Applicable,2024-01-25T10:03:32.004000Z,2024-01-25T10:08:35.566000Z,2024-01-25T10:08:36.153000Z,2024-01-25T10:08:36.067785Z,304,CFSKYJWQ,364,33,Male,White,United Kingdom,United Kingdom,United Kingdom,English,No,Full-Time
65b231f3ae08d86cd5d6d919,54ccac0dfdf99b3a7712573d,APPROVED,Not Applicable,2024-01-25T10:03:35.645000Z,2024-01-25T10:07:41.497000Z,2024-01-25T10:07:42.022000Z,2024-01-25T10:07:41.966750Z,246,CFSKYJWQ,1966,48,Male,White,United Kingdom,United Kingdom,United Kingdom,English,No,DATA_EXPIRED
65b231ff86245bce167dce7d,5e96e85aa7f126177e00ea9f,APPROVED,Not Applicable,2024-01-25T10:03:48.245000Z,2024-01-25T10:13:19.161000Z,2024-01-25T10:13:24.801000Z,2024-01-25T10:13:19.673496Z,571,CFSKYJWQ,386,28,Male,White,United Kingdom,United Kingdom,United Kingdom,English,No,Other
65b2320483ca74b5a5602f68,62c6e98485fbef0be2797e9d,APPROVED,Not Applicable,2024-01-25T10:04:01.756000Z,2024-01-25T10:09:28.654000Z,2024-01-25T10:09:29.878000Z,2024-01-25T10:09:29.804146Z,327,CFSKYJWQ,547,27,Male,White,United Kingdom,United Kingdom,United Kingdom,English,DATA_EXPIRED,DATA_EXPIRED
65b23207961e99820ed7fa4f,6580af0d89865b03b17759e0,APPROVED,Not Applicable,2024-01-25T10:03:51.828000Z,2024-01-25T10:11:03.884000Z,2024-01-25T10:11:04.541000Z,2024-01-25T10:11:04.462474Z,433,CFSKYJWQ,21,30,Male,Black,Nigeria,United Kingdom,United Kingdom,English,No,Part-Time
65b23208663d59d8c9b33948,63d2b847b533b122bdeb1c7c,APPROVED,Not Applicable,2024-01-25T10:03:55.832000Z,2024-01-25T10:10:39.934000Z,2024-01-25T10:10:40.517000Z,2024-01-25T10:10:40.441812Z,405,CFSKYJWQ,811,34,Male,White,United Kingdom,United Kingdom,United Kingdom,English,No,Full-Time
65b23212b5b12878d9de2d5b,5a9d6bc1f6dfdd0001eaa7d4,APPROVED,Not Applicable,2024-01-25T10:04:23.998000Z,2024-01-25T10:13:05.706000Z,2024-01-25T10:13:06.253000Z,2024-01-25T10:13:06.175193Z,522,CFSKYJWQ,2480,62,Male,White,United Kingdom,United Kingdom,United Kingdom,English,No,Full-Time
65b232189f3807fd8de493a9,614cf7d1df2213f8c1f81e6e,APPROVED,Not Applicable,2024-01-25T10:04:11.129000Z,2024-01-25T10:07:41.665000Z,2024-01-25T10:07:47.311000Z,2024-01-25T10:07:42.197531Z,211,CFSKYJWQ,900,29,Male,White,United Kingdom,United Kingdom,United Kingdom,English,Yes,Full-Time
65b2321d8d4b988a019b2f43,59d4b084115096000190dbce,APPROVED,Not Applicable,2024-01-25T10:04:18.061000Z,2024-01-25T10:12:47.083000Z,2024-01-25T10:12:48.069000Z,2024-01-25T10:12:47.988476Z,510,CFSKYJWQ,1425,56,Male,White,United Kingdom,United Kingdom,United Kingdom,English,No,Other
65b23224327c95bb24d05df1,60ae750dbba4a1822e957e68,APPROVED,Not Applicable,2024-01-25T10:04:32.831000Z,2024-01-25T10:08:55.839000Z,2024-01-25T10:08:56.470000Z,2024-01-25T10:08:56.391583Z,264,CFSKYJWQ,935,38,Male,White,France,United Kingdom,France,French,No,Part-Time
65b232252dfa350b96822216,5d8dff0be825f000175a14ab,AWAITING REVIEW,Not Applicable,2024-01-25T10:04:21.096000Z,2024-01-25T10:06:01.974000Z,,2024-01-25T10:06:02.472347Z,101,NOCODE,1793,69,Male,White,United Kingdom,United Kingdom,United Kingdom,English,No,"Not in paid work (e.g. homemaker', 'retired or disabled)"
65b2322c91347a909b867fcd,5f0f624774af6210bf4503e9,APPROVED,Not Applicable,2024-01-25T10:04:28.607000Z,2024-01-25T10:08:36.694000Z,2024-01-25T10:08:38.027000Z,2024-01-25T10:08:37.232741Z,249,CFSKYJWQ,310,36,Male,White,United Kingdom,United Kingdom,United Kingdom,English,No,Full-Time
65b232312f1fb6a9c1defe37,63d4005611fc905186f61eac,APPROVED,Not Applicable,2024-01-25T10:04:35.937000Z,2024-01-25T10:06:39.690000Z,2024-01-25T10:06:40.232000Z,2024-01-25T10:06:40.167252Z,124,CFSKYJWQ,272,26,Male,Asian,Malaysia,United Kingdom,Malaysia,English,No,Full-Time
65b23237bd435df4f455a1ff,6159b2c05695adb2097e50a2,APPROVED,Not Applicable,2024-01-25T10:04:43.659000Z,2024-01-25T10:17:24.791000Z,2024-01-25T10:17:25.389000Z,2024-01-25T10:17:25.304923Z,762,CFSKYJWQ,641,47,Male,White,United Kingdom,United Kingdom,United Kingdom,English,No,Full-Time
65b2323c0df453b6a5809c9a,57a0d81d81f331000139d989,APPROVED,Not Applicable,2024-01-25T10:04:59.908000Z,2024-01-25T10:08:54.443000Z,2024-01-25T10:08:55.114000Z,2024-01-25T10:08:55.023445Z,235,CFSKYJWQ,2352,35,Male,DATA_EXPIRED,United Kingdom,United Kingdom,United Kingdom,English,DATA_EXPIRED,DATA_EXPIRED
65b23242f1541045ccb26982,62c493628db4aae8983533eb,APPROVED,Not Applicable,2024-01-25T10:04:57.456000Z,2024-01-25T10:10:11.621000Z,2024-01-25T10:10:12.243000Z,2024-01-25T10:10:12.382580Z,315,CFSKYJWQ,665,54,Male,White,United Kingdom,United Kingdom,United Kingdom,English,No,Part-Time
65b2324b2bf8b9a179d00709,657421f9661ce9a8cd7482d1,APPROVED,Not Applicable,2024-01-25T10:12:08.428000Z,2024-01-25T10:24:39.048000Z,2024-01-25T10:24:39.619000Z,2024-01-25T10:24:39.524474Z,751,CFSKYJWQ,79,26,Male,Black,Nigeria,United Kingdom,Nigeria,English,Yes,Unemployed (and job seeking)
65b2324ef1541045ccb26986,5ea166af93435d0008a8a341,APPROVED,Not Applicable,2024-01-25T10:05:06.985000Z,2024-01-25T10:09:58.445000Z,2024-01-25T10:09:59.054000Z,2024-01-25T10:09:58.949664Z,292,CFSKYJWQ,1673,70,Male,White,United Kingdom,United Kingdom,United Kingdom,English,No,"Not in paid work (e.g. homemaker', 'retired or disabled)"
65b23253e26b99f404bf7755,58f364d67b2e410001c2ed1d,APPROVED,Not Applicable,2024-01-25T10:05:10.569000Z,2024-01-25T10:08:52.135000Z,2024-01-25T10:08:52.704000Z,2024-01-25T10:08:52.637333Z,222,CFSKYJWQ,898,45,Male,White,United Kingdom,United Kingdom,United Kingdom,English,DATA_EXPIRED,DATA_EXPIRED
65b23259734d3d841abf761f,63d43446030622d06df567b6,APPROVED,Not Applicable,2024-01-25T10:05:19.909000Z,2024-01-25T10:11:09Z,2024-01-25T10:11:09.547000Z,2024-01-25T10:11:09.456409Z,350,CFSKYJWQ,432,43,Male,White,United Kingdom,United Kingdom,United Kingdom,English,No,DATA_EXPIRED
65b2325bb7aba7db40d0073e,634e5e65098e5d120efa7ec7,APPROVED,Not Applicable,2024-01-25T10:05:15.437000Z,2024-01-25T10:10:27.985000Z,2024-01-25T10:10:33.734000Z,2024-01-25T10:10:28.627934Z,313,CFSKYJWQ,536,33,Male,Asian,United Kingdom,United Kingdom,United Kingdom,English,No,Part-Time
65b2327add3d9da35cc1bf91,62b437fb9fcc20afefdbe41b,APPROVED,Not Applicable,2024-01-25T10:05:55.975000Z,2024-01-25T10:11:52.571000Z,2024-01-25T10:11:53.862000Z,2024-01-25T10:11:53.752162Z,357,CFSKYJWQ,720,35,Male,White,United Kingdom,United Kingdom,United Kingdom,English,No,Full-Time
65b2327c6d678c81cb207064,5e1ae38b2d11243260af4066,APPROVED,Not Applicable,2024-01-25T10:05:52.322000Z,2024-01-25T10:09:03.739000Z,2024-01-25T10:09:04.405000Z,2024-01-25T10:09:04.353970Z,192,CFSKYJWQ,839,27,Male,White,United Kingdom,United Kingdom,United Kingdom,English,No,Full-Time
65b2327db5b12878d9de2d72,5f2424359c5da10009d035be,APPROVED,Not Applicable,2024-01-25T10:05:55.585000Z,2024-01-25T10:12:05.190000Z,2024-01-25T10:12:05.765000Z,2024-01-25T10:12:05.693170Z,370,CFSKYJWQ,621,53,Male,White,Italy,United Kingdom,Italy,English,No,Full-Time
65b232849d6b2e64a28222df,6527ee1286cbfa79299de373,APPROVED,Not Applicable,2024-01-25T10:06:00.161000Z,2024-01-25T10:09:28.191000Z,2024-01-25T10:09:28.965000Z,2024-01-25T10:09:28.863852Z,209,CFSKYJWQ,212,28,Male,White,United Kingdom,United Kingdom,United Kingdom,English,No,Full-Time
65b2329803343254eac4932c,659d51f5d006c8486645ea36,APPROVED,Not Applicable,2024-01-25T10:06:16.879000Z,2024-01-25T10:13:46.250000Z,2024-01-25T10:13:46.814000Z,2024-01-25T10:13:46.753218Z,450,CFSKYJWQ,16,40,Male,White,Italy,United Kingdom,Italy,Italian,No,Full-Time
65b23299709de83bb449e923,6039627d1f94c1410e17dacb,APPROVED,Not Applicable,2024-01-25T10:06:17.334000Z,2024-01-25T10:10:58.905000Z,2024-01-25T10:10:59.837000Z,2024-01-25T10:10:59.780836Z,282,CFSKYJWQ,699,45,Male,White,United Kingdom,United Kingdom,United Kingdom,English,No,DATA_EXPIRED
65b2329a8cde9eb3e9bcfe44,5e2b7ca12f20ff1d0b611a6b,APPROVED,Not Applicable,2024-01-25T10:06:20.601000Z,2024-01-25T10:09:46.894000Z,2024-01-25T10:09:47.456000Z,2024-01-25T10:09:47.393866Z,207,CFSKYJWQ,811,33,Male,White,United Kingdom,United Kingdom,United Kingdom,English,No,Full-Time
65b232a731eec418000db768,5f00bae43963d01dbe11a1fc,APPROVED,Not Applicable,2024-01-25T10:07:59.136000Z,2024-01-25T10:16:21.729000Z,2024-01-25T10:16:27.342000Z,2024-01-25T10:16:22.221246Z,503,CFSKYJWQ,942,38,Male,Asian,United Kingdom,United Kingdom,United Kingdom,English,DATA_EXPIRED,DATA_EXPIRED
65b232b82948f7fcffd6d923,5ee683596f9b570626faa11c,APPROVED,Not Applicable,2024-01-25T10:06:48.194000Z,2024-01-25T10:11:48.558000Z,2024-01-25T10:11:59.168000Z,2024-01-25T10:11:49.059336Z,301,CFSKYJWQ,1577,43,Male,DATA_EXPIRED,United Kingdom,United Kingdom,United Kingdom,English,DATA_EXPIRED,DATA_EXPIRED
65b232c2a56ff2cedb90d7f7,62029a06ef1cb18a1337c580,APPROVED,Not Applicable,2024-01-25T10:08:12.531000Z,2024-01-25T10:18:10.587000Z,2024-01-25T10:18:11.157000Z,2024-01-25T10:18:11.066840Z,599,CFSKYJWQ,990,29,Male,White,United Kingdom,United Kingdom,United Kingdom,English,No,Full-Time
65b232c90df453b6a5809cd4,645a0f712b769eff5a97d2b2,APPROVED,Not Applicable,2024-01-25T10:07:10.664000Z,2024-01-25T10:11:34.601000Z,2024-01-25T10:11:35.306000Z,2024-01-25T10:11:35.240700Z,264,CFSKYJWQ,446,50,Male,Asian,Hong Kong,United Kingdom,Hong Kong,Cantonese,No,"Not in paid work (e.g. homemaker', 'retired or disabled)"
65b232cedd3d9da35cc1bfaf,63ea8a414ffb19ba667c3afe,APPROVED,Not Applicable,2024-01-25T10:07:13.899000Z,2024-01-25T10:12:43.072000Z,2024-01-25T10:12:43.744000Z,2024-01-25T10:12:43.643391Z,330,CFSKYJWQ,25,42,Male,White,United Kingdom,United Kingdom,United Kingdom,English,No,DATA_EXPIRED
65b232dd08c1458735acb025,5e2df526c3d5e43dd81d46de,APPROVED,Not Applicable,2024-01-25T10:07:30.016000Z,2024-01-25T10:16:04.529000Z,2024-01-25T10:16:05.219000Z,2024-01-25T10:16:05.150909Z,515,CFSKYJWQ,627,48,Male,Asian,United Kingdom,United Kingdom,United Kingdom,English,No,Full-Time
65b232e008c1458735acb027,6342d1cdc60c1743d86b5065,APPROVED,Not Applicable,2024-01-25T10:07:28.179000Z,2024-01-25T10:12:54.620000Z,2024-01-25T10:13:00.270000Z,2024-01-25T10:12:55.147250Z,327,CFSKYJWQ,974,59,Male,White,United Kingdom,United Kingdom,United Kingdom,English,No,Full-Time
65b232e442a9025aadaa8778,63fc7ac4c0ba10b71a25a63d,APPROVED,Not Applicable,2024-01-25T10:09:09.429000Z,2024-01-25T10:17:18.601000Z,2024-01-25T10:17:19.203000Z,2024-01-25T10:17:19.090651Z,490,CFSKYJWQ,397,56,Male,White,United Kingdom,United Kingdom,United Kingdom,English,No,Full-Time
65b23308f2aa850ee59192e6,5e54ed0d7243ea4e2ce6c650,APPROVED,Not Applicable,2024-01-25T10:08:23.278000Z,2024-01-25T10:11:52.271000Z,2024-01-25T10:11:52.895000Z,2024-01-25T10:11:52.815328Z,209,CFSKYJWQ,441,52,Male,White,United Kingdom,United Kingdom,United Kingdom,English,DATA_EXPIRED,DATA_EXPIRED
65b2331108c1458735acb030,5cab9c01291df900015c2849,APPROVED,Not Applicable,2024-01-25T10:08:17.115000Z,2024-01-25T10:15:23.078000Z,2024-01-25T10:15:28.680000Z,2024-01-25T10:15:23.543944Z,426,CFSKYJWQ,937,33,Male,White,United Kingdom,United Kingdom,United Kingdom,English,No,Full-Time
65b2331612d4b2d196c492f8,602adfcb43d65719cc7f9470,APPROVED,Not Applicable,2024-01-25T10:08:27.592000Z,2024-01-25T10:16:39.452000Z,2024-01-25T10:16:39.961000Z,2024-01-25T10:16:39.903303Z,492,CFSKYJWQ,516,37,Male,Other,Saudi Arabia,United Kingdom,Saudi Arabia,Arabic,Yes,Full-Time
65b23319db3a4b71757f6e1e,59baf1a2178f1b0001828a26,APPROVED,Not Applicable,2024-01-25T10:08:52.085000Z,2024-01-25T10:12:10.468000Z,2024-01-25T10:12:11.022000Z,2024-01-25T10:12:10.918399Z,199,CFSKYJWQ,1537,28,Male,White,United Kingdom,United Kingdom,United Kingdom,English,No,Full-Time
65b2331bb5b12878d9de2daf,5ea03ed29cb1f00672af3eda,APPROVED,Not Applicable,2024-01-25T10:08:32.240000Z,2024-01-25T10:15:54.972000Z,2024-01-25T10:15:55.648000Z,2024-01-25T10:15:55.595569Z,443,CFSKYJWQ,1942,42,Male,White,United Kingdom,United Kingdom,United Kingdom,English,No,Unemployed (and job seeking)
65b2331ca82391dc217f6d89,5f5a99fc00933319322faf08,APPROVED,Not Applicable,2024-01-25T10:08:41.750000Z,2024-01-25T10:11:00.814000Z,2024-01-25T10:11:06.341000Z,2024-01-25T10:11:01.250509Z,140,CFSKYJWQ,636,29,Male,White,United Kingdom,United Kingdom,United Kingdom,English,DATA_EXPIRED,DATA_EXPIRED
65b23327f32b009b7581664f,5cc86691ac689b0001118e90,APPROVED,Not Applicable,2024-01-25T10:08:39.192000Z,2024-01-25T10:14:43.900000Z,2024-01-25T10:14:50.217000Z,2024-01-25T10:14:45.103806Z,365,CFSKYJWQ,1724,66,Male,White,United Kingdom,United Kingdom,United Kingdom,English,No,"Not in paid work (e.g. homemaker', 'retired or disabled)"
65b23331362423574e781189,63c49c7bf71f27ad8712e40a,APPROVED,Not Applicable,2024-01-25T10:08:49.614000Z,2024-01-25T10:13:57.105000Z,2024-01-25T10:13:57.808000Z,2024-01-25T10:13:57.742007Z,308,CFSKYJWQ,219,34,Male,White,United Kingdom,United Kingdom,United Kingdom,English,No,Full-Time
65b23332400a95931ba86a64,5eb29fdddac67500082c1089,APPROVED,Not Applicable,2024-01-25T10:08:57.357000Z,2024-01-25T10:16:07.523000Z,2024-01-25T10:16:08.120000Z,2024-01-25T10:16:08.060447Z,431,CFSKYJWQ,1591,48,Male,White,United Kingdom,United Kingdom,United Kingdom,English,No,DATA_EXPIRED
65b2333cba496bd6fa5a7403,5bcdc51fad25080001447512,APPROVED,Not Applicable,2024-01-25T10:09:04.516000Z,2024-01-25T10:13:31.064000Z,2024-01-25T10:13:41.640000Z,2024-01-25T10:13:31.551747Z,267,CFSKYJWQ,647,27,Male,White,United Kingdom,United Kingdom,United Kingdom,English,No,Full-Time
65b2334c6d678c81cb20708a,55ad3f2dfdf99b563a2471c8,APPROVED,Not Applicable,2024-01-25T10:10:03.520000Z,2024-01-25T10:13:35.771000Z,2024-01-25T10:13:36.476000Z,2024-01-25T10:13:36.368675Z,213,CFSKYJWQ,1827,28,Male,White,United Kingdom,United Kingdom,United Kingdom,English,No,Full-Time
65b2334ff2aa850ee59192fd,63d7a65f896a9fa2a5359fc5,APPROVED,Not Applicable,2024-01-25T10:09:22.640000Z,2024-01-25T10:13:15.918000Z,2024-01-25T10:13:16.544000Z,2024-01-25T10:13:16.456899Z,234,CFSKYJWQ,698,37,Male,White,United Kingdom,United Kingdom,United Kingdom,English,No,Full-Time
65b2335c362423574e781194,63288c4c7c9cc5e61437b9b0,APPROVED,Not Applicable,2024-01-25T10:09:34.756000Z,2024-01-25T10:12:35.518000Z,2024-01-25T10:12:36.126000Z,2024-01-25T10:12:36.058414Z,181,CFSKYJWQ,800,30,Male,White,United Kingdom,United Kingdom,United Kingdom,English,No,Part-Time
65b2335e5db3f807de72d8d9,5d85f3490a530a001a4e55aa,APPROVED,Not Applicable,2024-01-25T10:09:38.113000Z,2024-01-25T10:24:29.568000Z,2024-01-25T10:24:30.659000Z,2024-01-25T10:24:30.565485Z,892,CFSKYJWQ,1001,44,Male,White,United Kingdom,United Kingdom,United Kingdom,English,No,Full-Time
65b2336a2d74de717d709385,59f8868e05d1d60001f1464d,APPROVED,Not Applicable,2024-01-25T10:09:46.163000Z,2024-01-25T10:18:44.386000Z,2024-01-25T10:18:45.628000Z,2024-01-25T10:18:45.555248Z,539,CFSKYJWQ,2458,43,Male,White,United Kingdom,United Kingdom,United Kingdom,English,No,Full-Time
65b2336b31eec418000db79b,5d43d8751e6eef00171decb2,APPROVED,Not Applicable,2024-01-25T10:09:47.010000Z,2024-01-25T10:12:49.822000Z,2024-01-25T10:12:50.434000Z,2024-01-25T10:12:50.351766Z,183,CFSKYJWQ,1710,44,Male,White,United Kingdom,United Kingdom,United Kingdom,English,No,Part-Time
65b2336ce115b1f1d78fc99f,6069ea183eee2ca08b41771d,APPROVED,Not Applicable,2024-01-25T10:09:56.097000Z,2024-01-25T10:14:42.588000Z,2024-01-25T10:14:43.248000Z,2024-01-25T10:14:43.180912Z,287,CFSKYJWQ,409,35,Male,White,United Kingdom,United Kingdom,United Kingdom,English,No,Full-Time
65b2337431eec418000db79e,580b2aae94364b00011f4eb4,APPROVED,Not Applicable,2024-01-25T10:10:01.817000Z,2024-01-25T10:13:33.702000Z,2024-01-25T10:13:34.260000Z,2024-01-25T10:13:34.189945Z,212,CFSKYJWQ,766,42,Male,White,United Kingdom,United Kingdom,United Kingdom,English,DATA_EXPIRED,DATA_EXPIRED
65b233766374bc3defc1be18,6107d247fba9a5ffcf5fbcd2,APPROVED,Not Applicable,2024-01-25T10:10:28.218000Z,2024-01-25T10:23:49.746000Z,2024-01-25T10:23:50.297000Z,2024-01-25T10:23:50.238671Z,802,CFSKYJWQ,611,44,Male,Black,United Kingdom,United Kingdom,United Kingdom,English,No,Part-Time
65b233763397d590ccde2d40,65250c54bcd24a2fcf5ee728,APPROVED,Not Applicable,2024-01-25T10:11:21.632000Z,2024-01-25T10:17:40.774000Z,2024-01-25T10:17:41.349000Z,2024-01-25T10:17:41.268664Z,380,CFSKYJWQ,194,52,Male,White,United Kingdom,United Kingdom,United Kingdom,English,No,"Not in paid work (e.g. homemaker', 'retired or disabled)"
65b2337886245bce167dced3,5ca67299253fd60016d25449,APPROVED,Not Applicable,2024-01-25T10:15:10.099000Z,2024-01-25T10:23:11.386000Z,2024-01-25T10:23:11.995000Z,2024-01-25T10:23:11.894415Z,482,CFSKYJWQ,1481,64,Male,White,United Kingdom,United Kingdom,United Kingdom,English,No,Other
65b2337cbb17a7e1c6919203,6136347d66f91d960dbb264a,APPROVED,Not Applicable,2024-01-25T10:10:10.464000Z,2024-01-25T10:13:27.935000Z,2024-01-25T10:13:28.490000Z,2024-01-25T10:13:28.396587Z,198,CFSKYJWQ,492,39,Male,Mixed,Germany,United Kingdom,Germany,German,No,Full-Time
65b2337d320bf1f5c18554d3,5ed0bd00871f7019f65bad78,APPROVED,Not Applicable,2024-01-25T10:10:05.680000Z,2024-01-25T10:14:55.890000Z,2024-01-25T10:14:56.548000Z,2024-01-25T10:14:56.439304Z,291,CFSKYJWQ,308,38,Male,White,United Kingdom,United Kingdom,United Kingdom,English,No,DATA_EXPIRED
65b2337f70f3ef65f6a86a23,658c0e4092db39c7d5c90b02,APPROVED,Not Applicable,2024-01-25T10:10:18.937000Z,2024-01-25T10:14:30.742000Z,2024-01-25T10:14:31.290000Z,2024-01-25T10:14:31.225163Z,252,CFSKYJWQ,19,53,Male,White,United Kingdom,United Kingdom,United Kingdom,English,No,Part-Time
65b2338216afdaeac990d8ef,655fc6a4919a4ddb98818d10,APPROVED,Not Applicable,2024-01-25T10:10:10.515000Z,2024-01-25T10:17:30.056000Z,2024-01-25T10:17:30.617000Z,2024-01-25T10:17:30.552629Z,440,CFSKYJWQ,99,34,Male,Asian,Philippines,United Kingdom,Philippines,Tagalog-Filipino,No,Full-Time
65b23387c42ceb457049e6da,5fb1aea8d0a22f6e13750c9a,APPROVED,Not Applicable,2024-01-25T10:10:24.658000Z,2024-01-25T10:14:44.138000Z,2024-01-25T10:14:44.688000Z,2024-01-25T10:14:44.595035Z,260,CFSKYJWQ,592,27,Male,White,Slovakia,United Kingdom,Slovakia,English,No,Full-Time
65b2338d6d678c81cb2070b4,5c742ed3b80b460016bd0361,APPROVED,Not Applicable,2024-01-25T10:10:27.360000Z,2024-01-25T10:15:28.459000Z,2024-01-25T10:15:29.590000Z,2024-01-25T10:15:29.507924Z,302,CFSKYJWQ,1580,35,Male,White,United Kingdom,United Kingdom,United Kingdom,English,DATA_EXPIRED,DATA_EXPIRED
65b2339291347a909b86800f,6127a6834afacbaa6e8c71c4,APPROVED,Not Applicable,2024-01-25T10:10:42.864000Z,2024-01-25T10:15:29.341000Z,2024-01-25T10:15:34.930000Z,2024-01-25T10:15:29.845101Z,287,CFSKYJWQ,215,37,Male,DATA_EXPIRED,United Kingdom,United Kingdom,United Kingdom,English,Yes,DATA_EXPIRED
65b23393bb17a7e1c6919205,5dd012a97b6a661093d36b8e,APPROVED,Not Applicable,2024-01-25T10:10:42.872000Z,2024-01-25T10:13:30.368000Z,2024-01-25T10:13:30.985000Z,2024-01-25T10:13:30.911468Z,168,CFSKYJWQ,1167,26,Male,Mixed,United Kingdom,United Kingdom,United Kingdom,English,No,Full-Time
65b234dc88dac69433816684,6413590a5e16ccd8b72d3be2,APPROVED,Not Applicable,2024-01-25T10:15:59.821000Z,2024-01-25T10:19:30.709000Z,2024-01-25T10:19:31.337000Z,2024-01-25T10:19:31.264300Z,211,CFSKYJWQ,454,33,Male,White,Ireland,United Kingdom,Ireland,English,No,Full-Time
65b23b5a7a2f6aa169b26c4a,5c92f797803bff0017fef8dd,APPROVED,Not Applicable,2024-01-25T10:43:53.412000Z,2024-01-25T10:46:21.480000Z,2024-01-25T10:46:21.998000Z,2024-01-25T10:46:21.916664Z,149,CFSKYJWQ,1440,29,Male,White,United Kingdom,United Kingdom,United Kingdom,English,DATA_EXPIRED,DATA_EXPIRED
65b23bbe0df453b6a5809f8a,63a32488e685c05e9fb5988e,APPROVED,Not Applicable,2024-01-25T10:45:21.718000Z,2024-01-25T10:51:20.816000Z,2024-01-25T10:51:21.809000Z,2024-01-25T10:51:21.728341Z,360,CFSKYJWQ,539,60,Male,White,Latvia,United Kingdom,Sweden,Russian,No,DATA_EXPIRED
65b240f182bcdd425fd3b3fe,5ae0b4bfeb6040000153bbc8,AWAITING REVIEW,Not Applicable,2024-01-25T11:07:29.127000Z,2024-01-25T11:10:23.990000Z,,2024-01-25T11:10:25.603709Z,175,NOCODE,993,73,Male,White,United Kingdom,United Kingdom,Ireland,English,No,"Not in paid work (e.g. homemaker', 'retired or disabled)"
65b22dc92f1fb6a9c1defd37,65b17c3a6264a7353dc9ed4b,APPROVED,Not Applicable,2024-01-25T09:47:02.852000Z,2024-01-25T09:52:41.195000Z,2024-01-25T09:52:41.880000Z,2024-01-25T09:52:41.786536Z,339,CFSKYJWQ,0,41,Female,White,United Kingdom,United Kingdom,United Kingdom,English,No,DATA_EXPIRED
65b22e236973f66d759f8016,6571ed82ff0be0217f88ea79,APPROVED,Not Applicable,2024-01-25T09:47:15.017000Z,2024-01-25T10:01:12.920000Z,2024-01-25T10:01:13.535000Z,2024-01-25T10:01:13.456466Z,838,CFSKYJWQ,5,29,Female,Black,Nigeria,United Kingdom,Nigeria,English,Yes,Part-Time
65b22e6b3397d590ccde2bcf,5de8e0ac9ba3e8000a970881,APPROVED,Not Applicable,2024-01-25T09:48:32.134000Z,2024-01-25T09:51:16.601000Z,2024-01-25T09:51:17.182000Z,2024-01-25T09:51:17.115634Z,165,CFSKYJWQ,1035,37,Female,White,Italy,United Kingdom,Italy,Italian,No,Full-Time
65b22e7cd26bb74272603031,59532996d5822e000125a73b,APPROVED,Not Applicable,2024-01-25T09:48:50.505000Z,2024-01-25T09:53:26.617000Z,2024-01-25T09:53:27.083000Z,2024-01-25T09:53:27.027149Z,277,CFSKYJWQ,1557,36,Female,White,United Kingdom,United Kingdom,United Kingdom,English,No,Full-Time
65b22eaf355e96d329780f58,5cd951d48ace520016ef7a31,APPROVED,Not Applicable,2024-01-25T09:49:39.548000Z,2024-01-25T09:53:44.830000Z,2024-01-25T09:53:45.451000Z,2024-01-25T09:53:45.360610Z,246,CFSKYJWQ,634,39,Female,White,Latvia,United Kingdom,Latvia,Latvian,No,Unemployed (and job seeking)
65b22f529f3807fd8de492f4,60aa52f56964a096e3ab53c7,APPROVED,Not Applicable,2024-01-25T09:52:22.584000Z,2024-01-25T09:55:40.111000Z,2024-01-25T09:55:40.658000Z,2024-01-25T09:55:40.579267Z,198,CFSKYJWQ,169,26,Female,White,United Kingdom,United Kingdom,United Kingdom,English,DATA_EXPIRED,DATA_EXPIRED
65b22f55b8859446b80db6a0,6554be23acddc7d2d27c986c,APPROVED,Not Applicable,2024-01-25T09:52:21.330000Z,2024-01-25T10:01:14.471000Z,2024-01-25T10:01:15.080000Z,2024-01-25T10:01:14.984388Z,534,CFSKYJWQ,19,60,Female,Black,United Kingdom,United Kingdom,United Kingdom,English,No,Other
65b22f62663d59d8c9b3382f,5deba29b787ce529a9725c54,APPROVED,Not Applicable,2024-01-25T09:52:40.171000Z,2024-01-25T09:58:05.190000Z,2024-01-25T09:58:05.790000Z,2024-01-25T09:58:05.699478Z,326,CFSKYJWQ,782,64,Female,White,United Kingdom,United Kingdom,United Kingdom,English,No,Other
65b22f72fcc64f77539b2e05,5cd0274b3526f60015bff216,APPROVED,Not Applicable,2024-01-25T09:53:49.391000Z,2024-01-25T10:07:06.540000Z,2024-01-25T10:07:07.186000Z,2024-01-25T10:07:07.131323Z,798,CFSKYJWQ,286,43,Female,Black,United Kingdom,United Kingdom,United Kingdom,English,DATA_EXPIRED,DATA_EXPIRED
65b22f8279022554b57091f1,61067ed9f756e2096f4ae3bc,APPROVED,Not Applicable,2024-01-25T09:53:10.046000Z,2024-01-25T09:59:37.935000Z,2024-01-25T09:59:38.557000Z,2024-01-25T09:59:38.479310Z,388,CFSKYJWQ,722,37,Female,White,Argentina,United Kingdom,Argentina,Spanish,No,Full-Time
65b22f83963233bda6b27cfe,59917a2b0675b100014dadb8,APPROVED,Not Applicable,2024-01-25T09:53:11.342000Z,2024-01-25T09:58:48.990000Z,2024-01-25T09:58:49.493000Z,2024-01-25T09:58:49.425420Z,338,CFSKYJWQ,365,41,Female,White,United Kingdom,United Kingdom,United Kingdom,English,No,Part-Time
65b22f92db3a4b71757f6d1c,6034da6b08183eee8cc990ea,APPROVED,Not Applicable,2024-01-25T09:53:25.544000Z,2024-01-25T09:56:51.674000Z,2024-01-25T09:56:52.349000Z,2024-01-25T09:56:52.256662Z,207,CFSKYJWQ,599,58,Female,White,United Kingdom,United Kingdom,United Kingdom,English,No,"Not in paid work (e.g. homemaker', 'retired or disabled)"
65b22f93b8859446b80db6ae,65aaa248aec436bf7dfc9599,APPROVED,Not Applicable,2024-01-25T09:54:03.238000Z,2024-01-25T10:05:41.228000Z,2024-01-25T10:05:41.777000Z,2024-01-25T10:05:41.720599Z,698,CFSKYJWQ,4,27,Female,Black,Nigeria,United Kingdom,Nigeria,English,No,DATA_EXPIRED
65b22fb616afdaeac990d7c1,61572ed6d411f4738a92af88,APPROVED,Not Applicable,2024-01-25T09:54:01.346000Z,2024-01-25T09:56:58.527000Z,2024-01-25T09:56:59.120000Z,2024-01-25T09:56:59.037273Z,178,CFSKYJWQ,486,32,Female,White,United Kingdom,United Kingdom,United Kingdom,English,DATA_EXPIRED,DATA_EXPIRED
65b22fdf08c1458735acaf39,5f2178ec626bc35254b5145e,APPROVED,Not Applicable,2024-01-25T09:54:51.030000Z,2024-01-25T10:02:45.242000Z,2024-01-25T10:02:45.916000Z,2024-01-25T10:02:45.830118Z,475,CFSKYJWQ,1180,70,Female,White,United Kingdom,United Kingdom,United Kingdom,English,No,"Not in paid work (e.g. homemaker', 'retired or disabled)"
65b22fed6d2fdbccf20fc5c2,60c48655811ab33a8f77dd34,APPROVED,Not Applicable,2024-01-25T09:55:06.086000Z,2024-01-25T10:03:55.034000Z,2024-01-25T10:03:55.669000Z,2024-01-25T10:03:55.591585Z,529,CFSKYJWQ,388,25,Female,DATA_EXPIRED,United Kingdom,United Kingdom,United Kingdom,English,DATA_EXPIRED,DATA_EXPIRED
65b23015a56ff2cedb90d763,6452cc2bd7ea86957cae0411,APPROVED,Not Applicable,2024-01-25T10:00:31.907000Z,2024-01-25T10:07:02.105000Z,2024-01-25T10:07:02.911000Z,2024-01-25T10:07:02.817980Z,391,CFSKYJWQ,212,36,Female,DATA_EXPIRED,Mexico,United Kingdom,Mexico,Spanish,No,Unemployed (and job seeking)
65b23017ca5b2c1317defde5,6570857f15730b0f6ea346ec,APPROVED,Not Applicable,2024-01-25T09:55:41.933000Z,2024-01-25T10:05:35.697000Z,2024-01-25T10:05:36.301000Z,2024-01-25T10:05:36.234739Z,594,CFSKYJWQ,28,26,Female,Black,Nigeria,United Kingdom,Nigeria,English,No,Unemployed (and job seeking)
65b2302e6ec148158e85533a,6546549b0511efc35646724f,APPROVED,Not Applicable,2024-01-25T09:56:03.588000Z,2024-01-25T10:03:51.230000Z,2024-01-25T10:03:51.860000Z,2024-01-25T10:03:51.795678Z,468,CFSKYJWQ,123,24,Female,Asian,India,United Kingdom,India,Hindi,No,Full-Time
65b2303379022554b570921c,597076ad965d930001322d01,APPROVED,Not Applicable,2024-01-25T09:56:43.776000Z,2024-01-25T10:01:46.240000Z,2024-01-25T10:01:46.870000Z,2024-01-25T10:01:46.813003Z,303,CFSKYJWQ,1108,35,Female,White,United Kingdom,United Kingdom,United Kingdom,English,No,Part-Time
65b2304be78f2b0d2bef34ec,654a48a508808ebb99e5a661,APPROVED,Not Applicable,2024-01-25T09:56:34.750000Z,2024-01-25T10:00:40.028000Z,2024-01-25T10:00:40.835000Z,2024-01-25T10:00:40.775276Z,246,CFSKYJWQ,76,49,Female,White,United Kingdom,United Kingdom,United Kingdom,English,No,Part-Time
65b23054cf7fe4d4168fc887,63cfdefcf2ee0355b64d6f03,APPROVED,Not Applicable,2024-01-25T09:56:57.995000Z,2024-01-25T10:09:20.166000Z,2024-01-25T10:09:21.208000Z,2024-01-25T10:09:21.140314Z,743,CFSKYJWQ,489,53,Female,White,Poland,United Kingdom,Poland,Polish,No,Full-Time
65b23061db3a4b71757f6d6e,62e1975a303029942e08439a,APPROVED,Not Applicable,2024-01-25T09:56:49.121000Z,2024-01-25T10:04:07.055000Z,2024-01-25T10:04:07.951000Z,2024-01-25T10:04:07.849034Z,438,CFSKYJWQ,328,46,Female,White,United Kingdom,United Kingdom,United Kingdom,English,No,"Not in paid work (e.g. homemaker', 'retired or disabled)"
65b23063d125403e97fb786c,575d08ef85d90500061ef59b,APPROVED,Not Applicable,2024-01-25T09:56:56.958000Z,2024-01-25T10:00:55.165000Z,2024-01-25T10:00:55.758000Z,2024-01-25T10:00:55.661615Z,239,CFSKYJWQ,1611,66,Female,White,United Kingdom,United Kingdom,United Kingdom,English,No,Full-Time
65b23082a82391dc217f6cd8,5e55385c54a6e7538c5bb520,APPROVED,Not Applicable,2024-01-25T09:57:24.704000Z,2024-01-25T10:00:17.376000Z,2024-01-25T10:00:17.862000Z,2024-01-25T10:00:17.809568Z,173,CFSKYJWQ,978,25,Female,White,United Kingdom,United Kingdom,United Kingdom,English,No,Full-Time
65b2308a484365d66b0fc3f5,594ee0aa7095f80001da4c4e,APPROVED,Not Applicable,2024-01-25T09:57:33.488000Z,2024-01-25T10:01:10.329000Z,2024-01-25T10:01:11.095000Z,2024-01-25T10:01:11.007940Z,217,CFSKYJWQ,1261,48,Female,White,United Kingdom,United Kingdom,United Kingdom,English,No,Full-Time
65b2308bb8859446b80db6e8,63cf06ddba557b8820c8028b,APPROVED,Not Applicable,2024-01-25T09:57:36.012000Z,2024-01-25T10:06:43.714000Z,2024-01-25T10:06:46.355000Z,2024-01-25T10:06:44.222178Z,548,CFSKYJWQ,211,28,Female,Asian,Hong Kong,United Kingdom,United Kingdom,Nepali,DATA_EXPIRED,DATA_EXPIRED
65b23099314a20b5fafb7914,5d0f8eee48b019000174346e,APPROVED,Not Applicable,2024-01-25T09:57:49.124000Z,2024-01-25T10:02:28.201000Z,2024-01-25T10:02:28.744000Z,2024-01-25T10:02:28.681496Z,280,CFSKYJWQ,864,41,Female,White,United Kingdom,United Kingdom,United Kingdom,English,No,Part-Time
65b2316179022554b5709287,5e8376035d0dbe08624aeed2,APPROVED,Not Applicable,2024-01-25T10:01:45.470000Z,2024-01-25T10:05:10.231000Z,2024-01-25T10:05:10.848000Z,2024-01-25T10:05:10.787387Z,205,CFSKYJWQ,935,33,Female,White,Lithuania,United Kingdom,Lithuania,Lithuanian,No,Full-Time
65b231cd8cde9eb3e9bcfe23,5ba6d33077f30d00014fe202,APPROVED,Not Applicable,2024-01-25T10:02:56.072000Z,2024-01-25T10:06:29.615000Z,2024-01-25T10:06:30.411000Z,2024-01-25T10:06:30.300849Z,214,CFSKYJWQ,1137,49,Female,Mixed,United States,United Kingdom,United Kingdom,English,No,Part-Time
65b231de778b717e9b9f811f,5ad999a9c0332a0001ec79d1,APPROVED,Not Applicable,2024-01-25T10:03:15.764000Z,2024-01-25T10:07:38.707000Z,2024-01-25T10:07:39.228000Z,2024-01-25T10:07:39.167083Z,263,CFSKYJWQ,1219,28,Female,White,United Kingdom,United Kingdom,United Kingdom,English,Yes,Full-Time
65b231e48cde9eb3e9bcfe27,5ee235163a959e2d31a0b521,APPROVED,Not Applicable,2024-01-25T10:03:21.983000Z,2024-01-25T10:07:54.327000Z,2024-01-25T10:07:54.931000Z,2024-01-25T10:07:54.835745Z,273,CFSKYJWQ,701,38,Female,White,Finland,United Kingdom,Finland,Finnish,No,Part-Time
65b231e6314a20b5fafb79a7,5cf510ccb0bafb00161ffd56,APPROVED,Not Applicable,2024-01-25T10:03:22.627000Z,2024-01-25T10:07:46.962000Z,2024-01-25T10:07:52.513000Z,2024-01-25T10:07:47.440979Z,265,CFSKYJWQ,1115,25,Female,White,United Kingdom,United Kingdom,United Kingdom,English,No,DATA_EXPIRED
65b231e82bf8b9a179d00700,653678fdc6392081589c057c,APPROVED,Not Applicable,2024-01-25T10:03:33.572000Z,2024-01-25T10:13:14.407000Z,2024-01-25T10:13:14.977000Z,2024-01-25T10:13:14.908989Z,581,CFSKYJWQ,73,27,Female,Black,Nigeria,United Kingdom,Nigeria,Other,Yes,Part-Time
65b2320fb8859446b80db75a,60e81703ab385a8ec7dc993a,APPROVED,Not Applicable,2024-01-25T10:08:41.637000Z,2024-01-25T10:39:10.771000Z,2024-01-25T10:39:11.391000Z,2024-01-25T10:39:11.318795Z,1830,CFSKYJWQ,1089,32,Female,Black,United Kingdom,United Kingdom,United Kingdom,English,No,Unemployed (and job seeking)
65b232182948f7fcffd6d904,5fcfb1fe79b8060e0662270a,APPROVED,Not Applicable,2024-01-25T10:04:08.424000Z,2024-01-25T10:09:26.856000Z,2024-01-25T10:09:27.422000Z,2024-01-25T10:09:27.351389Z,319,CFSKYJWQ,1555,55,Female,White,United Kingdom,United Kingdom,United Kingdom,English,No,DATA_EXPIRED
65b2321a8df92cbd5cbcfe35,5e28912b5fc38506bbd1666c,APPROVED,Not Applicable,2024-01-25T10:04:16.091000Z,2024-01-25T10:09:10.730000Z,2024-01-25T10:09:11.331000Z,2024-01-25T10:09:11.239636Z,295,CFSKYJWQ,1160,53,Female,White,United Kingdom,United Kingdom,United Kingdom,English,No,Part-Time
65b2321c709de83bb449e8f3,60537fdcda0ac05f1c59c57f,APPROVED,Not Applicable,2024-01-25T10:04:15.401000Z,2024-01-25T10:07:12.668000Z,2024-01-25T10:07:13.289000Z,2024-01-25T10:07:13.208281Z,178,CFSKYJWQ,842,39,Female,White,United Kingdom,United Kingdom,United Kingdom,English,Yes,Full-Time
65b2321fdb3a4b71757f6de6,627e6d01ec6ffadd5a324c5a,APPROVED,Not Applicable,2024-01-25T10:04:29.515000Z,2024-01-25T10:10:40.938000Z,2024-01-25T10:10:41.558000Z,2024-01-25T10:10:41.477975Z,372,CFSKYJWQ,384,28,Female,White,Czech Republic,United Kingdom,Czech Republic,Czech,DATA_EXPIRED,DATA_EXPIRED
65b2322591347a909b867fca,599969afc5e4010001a7cb20,APPROVED,Not Applicable,2024-01-25T10:04:27.260000Z,2024-01-25T10:12:31.890000Z,2024-01-25T10:12:32.588000Z,2024-01-25T10:12:32.532377Z,485,CFSKYJWQ,641,50,Female,White,United Kingdom,United Kingdom,United Kingdom,English,No,Part-Time
65b23227ae08d86cd5d6d929,60db8ddfbcb65e3ec09fb5ac,APPROVED,Not Applicable,2024-01-25T10:11:28.408000Z,2024-01-25T10:18:43.328000Z,2024-01-25T10:18:48.937000Z,2024-01-25T10:18:43.815368Z,435,CFSKYJWQ,906,21,Female,Mixed,United Kingdom,United Kingdom,Sweden,English,Yes,Part-Time
65b2322c963233bda6b27de9,60b0eccc48bd907293da9bab,APPROVED,Not Applicable,2024-01-25T10:04:28.513000Z,2024-01-25T10:22:55.080000Z,2024-01-25T10:22:55.607000Z,2024-01-25T10:22:55.547062Z,1107,CFSKYJWQ,174,53,Female,Mixed,Sri Lanka,United Kingdom,United Kingdom,English,DATA_EXPIRED,DATA_EXPIRED
65b2322d0f4fb20a8fc0edc9,5f589d27b9bdc9016c605c7e,APPROVED,Not Applicable,2024-01-25T10:04:32.558000Z,2024-01-25T10:09:38.536000Z,2024-01-25T10:09:39.106000Z,2024-01-25T10:09:39.017543Z,306,CFSKYJWQ,584,52,Female,White,United Kingdom,United Kingdom,United Kingdom,English,No,Part-Time
65b2322e8df92cbd5cbcfe40,5ac0df645cd1050001620c52,APPROVED,Not Applicable,2024-01-25T10:04:34.152000Z,2024-01-25T10:07:58.903000Z,2024-01-25T10:07:59.473000Z,2024-01-25T10:07:59.401141Z,205,CFSKYJWQ,1090,40,Female,Asian,United Kingdom,United Kingdom,United Kingdom,English,No,Full-Time
65b2322f5db3f807de72d85e,602164e5c7f2bd119d6ea691,APPROVED,Not Applicable,2024-01-25T10:04:36.625000Z,2024-01-25T10:10:20.958000Z,2024-01-25T10:10:21.505000Z,2024-01-25T10:10:21.448699Z,345,CFSKYJWQ,465,44,Female,White,United Kingdom,United Kingdom,United Kingdom,English,DATA_EXPIRED,DATA_EXPIRED
65b23233c56ab030f0d7faa0,643af3570582668c2496d536,APPROVED,Not Applicable,2024-01-25T10:04:40.101000Z,2024-01-25T10:12:00.633000Z,2024-01-25T10:12:01.269000Z,2024-01-25T10:12:01.185378Z,441,CFSKYJWQ,268,54,Female,White,Lithuania,United Kingdom,Lithuania,Lithuanian,No,Full-Time
65b232356ec148158e8553ce,5ff0715715b59b3ab8009888,APPROVED,Not Applicable,2024-01-25T10:04:41.710000Z,2024-01-25T10:11:43.249000Z,2024-01-25T10:11:49.055000Z,2024-01-25T10:11:43.955893Z,422,CFSKYJWQ,1386,66,Female,White,United Kingdom,United Kingdom,United Kingdom,English,No,"Not in paid work (e.g. homemaker', 'retired or disabled)"
65b2323a83ca74b5a5602f73,59995f056c165e000113fb23,APPROVED,Not Applicable,2024-01-25T10:04:46.053000Z,2024-01-25T10:08:17.276000Z,2024-01-25T10:08:17.897000Z,2024-01-25T10:08:17.829215Z,212,CFSKYJWQ,188,40,Female,White,United Kingdom,United Kingdom,United Kingdom,English,No,"Not in paid work (e.g. homemaker', 'retired or disabled)"
65b23240e115b1f1d78fc94a,648daeb51f08e32f66083212,APPROVED,Not Applicable,2024-01-25T10:04:53.231000Z,2024-01-25T10:10:26.245000Z,2024-01-25T10:10:28.297000Z,2024-01-25T10:10:26.701616Z,334,CFSKYJWQ,340,61,Female,White,United Kingdom,United Kingdom,United Kingdom,English,No,Part-Time
65b23240b3b03254ba23f6c8,5c7db93f4855980016a164c1,APPROVED,Not Applicable,2024-01-25T10:05:43.015000Z,2024-01-25T10:10:03.274000Z,2024-01-25T10:10:03.810000Z,2024-01-25T10:10:03.749426Z,261,CFSKYJWQ,785,27,Female,White,Poland,United Kingdom,Poland,Polish,No,Full-Time
65b23243e439879b27aa86d1,5f01ea96d68caf0539cc6967,APPROVED,Not Applicable,2024-01-25T10:04:56.781000Z,2024-01-25T10:14:43.101000Z,2024-01-25T10:14:48.728000Z,2024-01-25T10:14:43.622766Z,587,CFSKYJWQ,696,27,Female,White,United Kingdom,United Kingdom,United Kingdom,English,No,Full-Time
65b23244362423574e781144,5c9a46dc9370cf001734a590,APPROVED,Not Applicable,2024-01-25T10:05:51.648000Z,2024-01-25T10:10:17.566000Z,2024-01-25T10:10:18.101000Z,2024-01-25T10:10:18.014255Z,266,CFSKYJWQ,1100,23,Female,White,United Kingdom,United Kingdom,United Kingdom,English,No,Full-Time
65b232472d74de717d70932e,631609c541905b75bd84f002,APPROVED,Not Applicable,2024-01-25T10:04:58.421000Z,2024-01-25T10:07:49.689000Z,2024-01-25T10:07:50.276000Z,2024-01-25T10:07:50.165068Z,172,CFSKYJWQ,792,37,Female,White,United Kingdom,United Kingdom,United Kingdom,English,No,DATA_EXPIRED
65b232482f1fb6a9c1defe3c,63da66b849da33f2a1b7a7de,APPROVED,Not Applicable,2024-01-25T10:05:06.458000Z,2024-01-25T10:10:00.128000Z,2024-01-25T10:10:00.694000Z,2024-01-25T10:10:00.629094Z,294,CFSKYJWQ,461,35,Female,White,United Kingdom,United Kingdom,United Kingdom,English,No,Full-Time
65b2325270f3ef65f6a869e0,62c9ce5bf415b3ff7b5a3c87,APPROVED,Not Applicable,2024-01-25T10:05:12.026000Z,2024-01-25T10:10:15.682000Z,2024-01-25T10:10:16.329000Z,2024-01-25T10:10:16.244808Z,304,CFSKYJWQ,347,25,Female,White,United Kingdom,United Kingdom,United Kingdom,English,No,Full-Time
65b23255258c3f2281b27baf,595e783b07ed5e0001cd0a97,APPROVED,Not Applicable,2024-01-25T10:05:15.137000Z,2024-01-25T10:11:07.323000Z,2024-01-25T10:11:08.114000Z,2024-01-25T10:11:08.042701Z,353,CFSKYJWQ,2557,53,Female,White,United Kingdom,United Kingdom,United Kingdom,English,No,"Not in paid work (e.g. homemaker', 'retired or disabled)"
65b2325cc42ceb457049e6ba,60f2001aca3716810f4f4415,APPROVED,Not Applicable,2024-01-25T10:05:47.554000Z,2024-01-25T10:26:41.375000Z,2024-01-25T10:26:42.087000Z,2024-01-25T10:26:41.999258Z,1254,CFSKYJWQ,826,37,Female,Black,United Kingdom,United Kingdom,United Kingdom,English,DATA_EXPIRED,DATA_EXPIRED
65b2325d79022554b57092b8,5ebdb2d48565890e4efe91d5,APPROVED,Not Applicable,2024-01-25T10:05:20.150000Z,2024-01-25T10:11:04.217000Z,2024-01-25T10:11:14.882000Z,2024-01-25T10:11:04.779609Z,345,CFSKYJWQ,997,37,Female,Black,Zambia,United Kingdom,United Kingdom,English,No,Full-Time
65b23263c42ceb457049e6bb,5ca345b1506fca0016b358bb,APPROVED,Not Applicable,2024-01-25T10:05:27.914000Z,2024-01-25T10:10:26.725000Z,2024-01-25T10:10:37.314000Z,2024-01-25T10:10:27.197373Z,299,CFSKYJWQ,1163,62,Female,White,United Kingdom,United Kingdom,United Kingdom,English,No,"Not in paid work (e.g. homemaker', 'retired or disabled)"
65b23269f32b009b75816623,6147a8aa47db0c5ddc6eabf9,APPROVED,Not Applicable,2024-01-25T10:09:08.051000Z,2024-01-25T10:12:57.999000Z,2024-01-25T10:13:03.618000Z,2024-01-25T10:12:58.536247Z,230,CFSKYJWQ,418,22,Female,White,United Kingdom,United Kingdom,United Kingdom,English,No,DATA_EXPIRED
65b2326c91347a909b867fe6,5acfdb527677430001c8f1e9,APPROVED,Not Applicable,2024-01-25T10:05:58.120000Z,2024-01-25T10:13:14.401000Z,2024-01-25T10:13:20.003000Z,2024-01-25T10:13:14.925592Z,437,CFSKYJWQ,2154,26,Female,White,United Kingdom,United Kingdom,United Kingdom,English,No,Unemployed (and job seeking)
65b2326dba496bd6fa5a73d2,616f3289f0e02a7abad9427c,APPROVED,Not Applicable,2024-01-25T10:05:38.009000Z,2024-01-25T10:13:31.130000Z,2024-01-25T10:13:32.518000Z,2024-01-25T10:13:32.450971Z,474,CFSKYJWQ,205,38,Female,White,United Kingdom,United Kingdom,United Kingdom,English,No,Full-Time
65b232766ec148158e8553de,6413591cc45fb6378c93d0dc,APPROVED,Not Applicable,2024-01-25T10:05:47.998000Z,2024-01-25T10:08:52.970000Z,2024-01-25T10:08:53.600000Z,2024-01-25T10:08:53.540234Z,185,CFSKYJWQ,514,40,Female,White,United Kingdom,United Kingdom,United Kingdom,English,DATA_EXPIRED,Part-Time
65b23279bb17a7e1c69191d4,5d9a30ec9d2a700018869f02,APPROVED,Not Applicable,2024-01-25T10:06:05.900000Z,2024-01-25T10:10:26.296000Z,2024-01-25T10:10:31.958000Z,2024-01-25T10:10:26.877908Z,261,CFSKYJWQ,1188,27,Female,White,United Kingdom,United Kingdom,United Kingdom,English,DATA_EXPIRED,Full-Time
65b2327a86245bce167dce94,62fb871228ac0c56417cd364,APPROVED,Not Applicable,2024-01-25T10:05:51.302000Z,2024-01-25T10:09:50.301000Z,2024-01-25T10:09:51.283000Z,2024-01-25T10:09:51.181098Z,239,CFSKYJWQ,611,35,Female,White,United Kingdom,United Kingdom,United Kingdom,English,DATA_EXPIRED,DATA_EXPIRED
65b2327b08c1458735acb00a,6124112341a3ec8fdf0f4886,APPROVED,Not Applicable,2024-01-25T10:05:51.471000Z,2024-01-25T10:09:34.189000Z,2024-01-25T10:09:34.804000Z,2024-01-25T10:09:34.697571Z,223,CFSKYJWQ,1313,40,Female,Mixed,United Kingdom,United Kingdom,United Kingdom,English,No,Full-Time
65b2327cd26bb742726031c4,5cf806142780ca001a9d5cee,APPROVED,Not Applicable,2024-01-25T10:05:48.086000Z,2024-01-25T10:11:00.799000Z,2024-01-25T10:11:01.290000Z,2024-01-25T10:11:01.230233Z,313,CFSKYJWQ,2142,57,Female,White,United Kingdom,United Kingdom,United Kingdom,English,No,Part-Time
65b232d09f3807fd8de4940e,62e98117d8254c5e98e64592,APPROVED,Not Applicable,2024-01-25T10:07:16.274000Z,2024-01-25T10:12:24.299000Z,2024-01-25T10:12:24.878000Z,2024-01-25T10:12:24.810877Z,309,CFSKYJWQ,495,51,Female,White,United Kingdom,United Kingdom,United Kingdom,English,No,Part-Time
65b2330bba496bd6fa5a73f2,5360c37cfdf99b02ccc08fcb,APPROVED,Not Applicable,2024-01-25T10:08:15.829000Z,2024-01-25T10:12:02.434000Z,2024-01-25T10:12:03.068000Z,2024-01-25T10:12:03.007134Z,227,CFSKYJWQ,1109,31,Female,White,United Kingdom,United Kingdom,United Kingdom,English,DATA_EXPIRED,DATA_EXPIRED
65b2331116afdaeac990d8d0,5efcda1f6893230ecb13c289,APPROVED,Not Applicable,2024-01-25T10:08:21.812000Z,2024-01-25T10:11:57.391000Z,2024-01-25T10:11:58.110000Z,2024-01-25T10:11:58.037893Z,216,CFSKYJWQ,182,28,Female,White,United Kingdom,United Kingdom,United Kingdom,English,DATA_EXPIRED,DATA_EXPIRED
65b23311b5b12878d9de2dad,5eac60907f4e2f2b4428c17f,APPROVED,Not Applicable,2024-01-25T10:08:21.581000Z,2024-01-25T10:11:58.660000Z,2024-01-25T10:12:04.353000Z,2024-01-25T10:11:59.246431Z,218,CFSKYJWQ,807,54,Female,White,United Kingdom,United Kingdom,United Kingdom,English,No,Part-Time
65b2331a9f3807fd8de49422,60d6da388aada5f2ff645236,APPROVED,Not Applicable,2024-01-25T10:08:32.767000Z,2024-01-25T10:12:53.912000Z,2024-01-25T10:12:54.825000Z,2024-01-25T10:12:54.764479Z,262,CFSKYJWQ,929,49,Female,White,United Kingdom,United Kingdom,United Kingdom,English,No,Part-Time
65b2331b42a9025aadaa8782,5f033543945c554f816f6ad7,APPROVED,Not Applicable,2024-01-25T10:11:11.577000Z,2024-01-25T10:17:28.543000Z,2024-01-25T10:17:29.093000Z,2024-01-25T10:17:29.015857Z,377,CFSKYJWQ,1217,49,Female,Asian,DATA_EXPIRED,United Kingdom,DATA_EXPIRED,English,No,Part-Time
65b2331c362423574e781184,607eb69780feeb6fdc4629c1,APPROVED,Not Applicable,2024-01-25T10:08:33.796000Z,2024-01-25T10:15:22.412000Z,2024-01-25T10:15:23.217000Z,2024-01-25T10:15:23.158580Z,409,CFSKYJWQ,150,24,Female,White,United Kingdom,United Kingdom,United Kingdom,English,Yes,Full-Time
65b2331e258c3f2281b27bd9,616deadcefd7197b84ab677c,APPROVED,Not Applicable,2024-01-25T10:08:34.808000Z,2024-01-25T10:14:59.053000Z,2024-01-25T10:14:59.571000Z,2024-01-25T10:14:59.515693Z,385,CFSKYJWQ,1081,54,Female,White,United Kingdom,United Kingdom,United Kingdom,English,No,Full-Time
65b23320bb17a7e1c69191f1,607d6e86f96c147cf2b3223c,APPROVED,Not Applicable,2024-01-25T10:08:39.083000Z,2024-01-25T10:13:07.884000Z,2024-01-25T10:13:08.574000Z,2024-01-25T10:13:08.507383Z,269,CFSKYJWQ,1043,32,Female,White,United Kingdom,United Kingdom,United Kingdom,English,DATA_EXPIRED,DATA_EXPIRED
65b23323709de83bb449e959,56aa6d98638440000c8b4eb0,APPROVED,Not Applicable,2024-01-25T10:08:40.228000Z,2024-01-25T10:11:27.982000Z,2024-01-25T10:11:28.600000Z,2024-01-25T10:11:28.534577Z,168,CFSKYJWQ,778,28,Female,Asian,United Kingdom,United Kingdom,United Kingdom,English,DATA_EXPIRED,DATA_EXPIRED
65b2332712d4b2d196c49300,5ba0df3c9c31af0001ff7795,APPROVED,Not Applicable,2024-01-25T10:08:41.871000Z,2024-01-25T10:11:37.848000Z,2024-01-25T10:11:43.536000Z,2024-01-25T10:11:38.415744Z,176,CFSKYJWQ,613,30,Female,White,United Kingdom,United Kingdom,United Kingdom,English,No,Full-Time
65b23328d26bb742726031f7,5d555d997c447d001df372b1,APPROVED,Not Applicable,2024-01-25T10:08:44.200000Z,2024-01-25T10:11:06.697000Z,2024-01-25T10:11:07.305000Z,2024-01-25T10:11:07.218242Z,143,CFSKYJWQ,223,40,Female,White,Canada,United Kingdom,Canada,English,No,DATA_EXPIRED
65b23330e26b99f404bf7792,6543b936ed64fe1bf937a545,APPROVED,Not Applicable,2024-01-25T10:08:54.931000Z,2024-01-25T10:17:45.222000Z,2024-01-25T10:17:45.877000Z,2024-01-25T10:17:45.809530Z,531,CFSKYJWQ,80,37,Female,White,United Kingdom,United Kingdom,United Kingdom,English,No,Full-Time
65b23334ba496bd6fa5a73ff,5f5fc58bfcb0db07c6c64d9e,APPROVED,Not Applicable,2024-01-25T10:09:02.554000Z,2024-01-25T10:13:23.275000Z,2024-01-25T10:13:23.817000Z,2024-01-25T10:13:23.759297Z,261,CFSKYJWQ,996,51,Female,White,Hungary,United Kingdom,United Kingdom,Hungarian,DATA_EXPIRED,DATA_EXPIRED
65b2333500902b76cc809b5b,5cb9bdde3eb01800129f81d7,APPROVED,Not Applicable,2024-01-25T10:09:02.402000Z,2024-01-25T10:13:17.423000Z,2024-01-25T10:13:18.311000Z,2024-01-25T10:13:18.206571Z,256,CFSKYJWQ,1798,43,Female,White,United Kingdom,United Kingdom,United Kingdom,English,No,Full-Time
65b23339663d59d8c9b339ad,5dee5838ad51834ec9446722,APPROVED,Not Applicable,2024-01-25T10:09:13.188000Z,2024-01-25T10:13:18.705000Z,2024-01-25T10:13:19.392000Z,2024-01-25T10:13:19.296334Z,246,CFSKYJWQ,923,24,Female,White,Poland,United Kingdom,Poland,Polish,No,Full-Time
65b2333a2dfa350b9682224e,5ffefe289a45d160a6199c28,APPROVED,Not Applicable,2024-01-25T10:09:03.585000Z,2024-01-25T10:38:16.850000Z,2024-01-25T10:38:17.462000Z,2024-01-25T10:38:17.399569Z,1754,CFSKYJWQ,596,31,Female,Black,United Kingdom,United Kingdom,United Kingdom,English,No,Full-Time
65b2333a88dac69433816632,5d62e5acc400f500018493fe,APPROVED,Not Applicable,2024-01-25T10:09:02.660000Z,2024-01-25T10:16:21.459000Z,2024-01-25T10:16:22.066000Z,2024-01-25T10:16:21.976559Z,439,CFSKYJWQ,528,37,Female,DATA_EXPIRED,United Kingdom,United Kingdom,United Kingdom,English,DATA_EXPIRED,DATA_EXPIRED
65b2333cfcc64f77539b2ed5,65a147cbd368b0737bf019c7,APPROVED,Not Applicable,2024-01-25T10:09:07.429000Z,2024-01-25T10:12:57.862000Z,2024-01-25T10:12:58.449000Z,2024-01-25T10:12:58.374005Z,231,CFSKYJWQ,13,44,Female,White,United Kingdom,United Kingdom,United Kingdom,English,No,Part-Time
65b2333fe3e9318a37313a33,5c6acdb7e0d351000141ee75,APPROVED,Not Applicable,2024-01-25T10:09:10.616000Z,2024-01-25T10:16:56.353000Z,2024-01-25T10:16:56.909000Z,2024-01-25T10:16:56.841354Z,466,CFSKYJWQ,14,59,Female,White,United Kingdom,United Kingdom,United Kingdom,English,No,DATA_EXPIRED
65b23345a0d844c17bc0ed76,64011ddd299336698fa0c488,APPROVED,Not Applicable,2024-01-25T10:09:15.729000Z,2024-01-25T10:15:20.030000Z,2024-01-25T10:15:20.656000Z,2024-01-25T10:15:20.572801Z,365,CFSKYJWQ,364,24,Female,White,United Kingdom,United Kingdom,United Kingdom,English,No,Full-Time
65b2334688dac69433816633,5947aea4f236120001ecf9f1,APPROVED,Not Applicable,2024-01-25T10:09:14.783000Z,2024-01-25T10:14:21.537000Z,2024-01-25T10:14:22.056000Z,2024-01-25T10:14:21.977923Z,307,CFSKYJWQ,2516,57,Female,White,United Kingdom,United Kingdom,United Kingdom,English,No,Full-Time
65b2334bba496bd6fa5a7409,5f136634744bae3689117234,APPROVED,Not Applicable,2024-01-25T10:09:19.116000Z,2024-01-25T10:23:03.774000Z,2024-01-25T10:23:04.769000Z,2024-01-25T10:23:04.689324Z,825,CFSKYJWQ,594,23,Female,Black,Ireland,United Kingdom,Ireland,French,Yes,Part-Time
65b23355bb17a7e1c69191fc,5d0a775bccb8bb00179a04f1,APPROVED,Not Applicable,2024-01-25T10:10:02.705000Z,2024-01-25T10:18:42.400000Z,2024-01-25T10:18:44.362000Z,2024-01-25T10:18:42.946450Z,520,CFSKYJWQ,1988,74,Female,White,United Kingdom,United Kingdom,United Kingdom,English,No,"Not in paid work (e.g. homemaker', 'retired or disabled)"
65b2335bf32b009b7581665a,5a4d6973f4c9dc0001649fc7,APPROVED,Not Applicable,2024-01-25T10:09:37.901000Z,2024-01-25T10:13:08.060000Z,2024-01-25T10:13:13.861000Z,2024-01-25T10:13:08.783826Z,211,CFSKYJWQ,959,51,Female,White,United Kingdom,United Kingdom,United Kingdom,English,No,"Not in paid work (e.g. homemaker', 'retired or disabled)"
65b2335d88dac6943381663a,646cbbad8fd96d0ae55153a8,APPROVED,Not Applicable,2024-01-25T10:09:43.681000Z,2024-01-25T10:15:30.110000Z,2024-01-25T10:15:30.825000Z,2024-01-25T10:15:30.729390Z,347,CFSKYJWQ,107,73,Female,White,United Kingdom,United Kingdom,United Kingdom,English,DATA_EXPIRED,"Not in paid work (e.g. homemaker', 'retired or disabled)"
65b23361a0d844c17bc0ed7b,56622e9373ac8700058096d1,APPROVED,Not Applicable,2024-01-25T10:10:48.717000Z,2024-01-25T10:15:07.501000Z,2024-01-25T10:15:08.311000Z,2024-01-25T10:15:08.243992Z,259,CFSKYJWQ,2127,55,Female,White,United Kingdom,United Kingdom,United Kingdom,English,No,Full-Time
65b2336e4242a62def55a4a4,59493297e0c5fa000108667c,APPROVED,Not Applicable,2024-01-25T10:09:54.258000Z,2024-01-25T10:13:18.405000Z,2024-01-25T10:13:19.025000Z,2024-01-25T10:13:18.969901Z,205,CFSKYJWQ,594,31,Female,White,United Kingdom,United Kingdom,United Kingdom,English,Yes,Full-Time
65b2336e258c3f2281b27be5,5ebd5be631748b03f7273769,APPROVED,Not Applicable,2024-01-25T10:10:20.534000Z,2024-01-25T10:14:51.139000Z,2024-01-25T10:14:51.771000Z,2024-01-25T10:14:51.702872Z,271,CFSKYJWQ,395,36,Female,White,United Kingdom,United Kingdom,United Kingdom,English,No,Part-Time
65b23467e439879b27aa8767,59928cc17d29e70001730482,APPROVED,Not Applicable,2024-01-25T10:14:06.407000Z,2024-01-25T10:19:03.898000Z,2024-01-25T10:19:04.426000Z,2024-01-25T10:19:04.314969Z,298,CFSKYJWQ,679,46,Female,White,United Kingdom,United Kingdom,United Kingdom,English,No,Part-Time
65b2359aae08d86cd5d6da84,5fc6c6804b35890ed3285dbc,APPROVED,Not Applicable,2024-01-25T10:19:09.044000Z,2024-01-25T10:28:42.481000Z,2024-01-25T10:28:43.039000Z,2024-01-25T10:28:42.946799Z,574,CFSKYJWQ,122,25,Female,White,United Kingdom,United Kingdom,United Kingdom,English,No,Full-Time
65b23bbab3b03254ba23f95d,596e1cc639e9d00001b7bb84,APPROVED,Not Applicable,2024-01-25T10:45:22.632000Z,2024-01-25T10:50:03.454000Z,2024-01-25T10:50:04.208000Z,2024-01-25T10:50:04.104915Z,281,CFSKYJWQ,1939,43,Female,White,United Kingdom,United Kingdom,United Kingdom,English,No,DATA_EXPIRED
